{
	"credit": "Made with Blockbench",

	"textures": {

		"pane": "block/glass_solo/purple/decor_3",

		"particle": "block/glass_solo/purple/decor_3"
	},

	"elements": [

		{

			"from": [0, 0, 8],

			"to": [8, 16, 8],

			"rotation": {"angle": 45, "axis": "y", "origin": [8, 8, 8]},

			"faces": {

				"north": {"uv": [8, 0, 16, 16], "texture": "#pane"},

				"south": {"uv": [0, 0, 8, 16], "texture": "#pane"}

			}

		},

		{

			"from": [8, 0, 8],

			"to": [16, 16, 8],

			"rotation": {"angle": 45, "axis": "y", "origin": [8, 8, 8]},

			"faces": {

				"north": {"uv": [0, 0, 8, 16], "texture": "#pane"},

				"south": {"uv": [8, 0, 16, 16], "texture": "#pane"}

			}

		},

		{

			"from": [8, 0, 0],

			"to": [8, 16, 8],

			"rotation": {"angle": 45, "axis": "y", "origin": [8, 8, 8]},

			"faces": {

				"east": {"uv": [8, 0, 16, 16], "texture": "#pane"},

				"west": {"uv": [0, 0, 8, 16], "texture": "#pane"}

			}
		},

		{

			"from": [8, 0, 8],

			"to": [8, 16, 16],

			"rotation": {"angle": 45, "axis": "y", "origin": [8, 8, 8]},

			"faces": {

				"east": {"uv": [0, 0, 8, 16], "texture": "#pane"},

				"west": {"uv": [8, 0, 16, 16], "texture": "#pane"}

			}

		}

	]

}