{
	"credit": "Made with Blockbench",
	"textures": {
		"pane": "blocks/seil",
		"particle": "blocks/seil"
	},
	"elements": [
		{
			"from": [0, 0, 8],
			"to": [8, 16, 8],
			"rotation": {"angle": 45, "axis": "y", "origin": [8, 8, 8]},
			"faces": {
				"north": {"uv": [8, 0, 16, 16], "texture": "#pane"},
				"south": {"uv": [16, 0, 8, 16], "texture": "#pane"}
			}
		},
		{
			"from": [8, 0, 8],
			"to": [16, 16, 8],
			"rotation": {"angle": 45, "axis": "y", "origin": [8, 8, 8]},
			"faces": {
				"north": {"uv": [0, 0, 8, 16], "texture": "#pane"},
				"south": {"uv": [8, 0, 0, 16], "texture": "#pane"}
			}
		}
	]
}