{
	"credit": "Made with Blockbench",


	"ambientocclusion": false,
"textures": {
    "particle": "#texture",
    "top": "#top",
    "texture": "#texture"
},
	"elements": [
		{
			"from": [9, 0, 7],
			"to": [16, 16, 9],
			"faces": {
				"north": {"uv": [0, 0, 7, 16], "texture": "#texture"},
				"east": {"uv": [7, 0, 9, 16], "texture": "#texture", "cullface": "east"},
				"south": {"uv": [9, 0, 16, 16], "texture": "#texture"},
				"up": {"uv": [7, 9, 9, 16], "rotation": 270, "texture": "#top"},
				"down": {"uv": [9, 16, 7, 9], "rotation": 90, "texture": "#top"}
			}
		},
		{
			"from": [7, 0, 0],
			"to": [9, 16, 9],
			"faces": {
				"north": {"uv": [7, 0, 9, 16], "texture": "#texture", "cullface": "north"},
				"east": {"uv": [7, 0, 16, 16], "texture": "#texture"},
				"south": {"uv": [7, 0, 9, 16], "texture": "#texture"},
				"west": {"uv": [0, 0, 9, 16], "texture": "#texture"},
				"up": {"uv": [7, 0, 9, 9], "texture": "#top"},
				"down": {"uv": [9, 9, 7, 0], "texture": "#top"}
			}
		}
	]
}