{
"__comment": "Designed by Ikezou with BDcraft Cubik PRO 0.95 Beta - http://bdcraft.net",
"textures": {
    "particle": "#texture",
    "top": "#top",
    "texture": "#texture"
},
"elements": [ 
{
    "from": [ 7, 0, 7 ],
    "to": [ 9, 16, 9 ],
    "shade": false,
    "faces": {
        "down":  { "uv": [ 9, 9, 7, 7 ], "texture": "#top", "cullface": "down" },
        "up":    { "uv": [ 7, 7, 9, 9 ], "texture": "#top", "cullface": "up" },
        "north": { "uv": [ 7, 0, 9, 16 ], "texture": "#texture" },
        "south": { "uv": [ 7, 0, 9, 16 ], "texture": "#texture" },
        "west":  { "uv": [ 7, 0, 9, 16 ], "texture": "#texture" },
        "east":  { "uv": [ 7, 0, 9, 16 ], "texture": "#texture" }
    }
}
]
}