{
	"credit": "Made with Blockbench",

	"ambientocclusion": false,
"textures": {
    "particle": "#texture",
    "top": "#top",
    "texture": "#texture"
},
	"elements": [
		{
			"from": [7, 0, 0],
			"to": [9, 16, 16],
			"faces": {
				"north": {"uv": [7, 0, 9, 16], "texture": "#texture", "cullface": "north"},
				"east": {"uv": [0, 0, 16, 16], "texture": "#texture"},
				"south": {"uv": [7, 0, 9, 16], "texture": "#texture", "cullface": "south"},
				"west": {"uv": [0, 0, 16, 16], "texture": "#texture"},
				"up": {"uv": [7, 0, 9, 16], "texture": "#top"},
				"down": {"uv": [9, 16, 7, 0], "texture": "#top"}
			}
		}
	]
}