{
	"credit": "Made with Blockbench",
	"ambientocclusion": true,
	"elements": [
		{
			"name": "sides",
			"from": [0.92016, -10.10476, 6.32362],
			"to": [19.07984, 12.97774, 6.32362],
			"shade": false,
			"rotation": {"angle": 45, "axis": "x", "origin": [9.99893, 1.44086, 6.31507]},
			"faces": {
				"north": {"uv": [0, 16, 16, 0], "rotation": 180, "texture": "#0", "tintindex": 0},
				"south": {"uv": [0, 16, 16, 0], "rotation": 180, "texture": "#0", "tintindex": 0}
			}
		},
		{
			"name": "sides",
			"from": [0.92016, -9.91207, 12.74253],
			"to": [19.07986, 13.17043, 12.74253],
			"shade": false,
			"rotation": {"angle": -45, "axis": "x", "origin": [10.01852, 1.62092, 12.73177]},
			"faces": {
				"north": {"uv": [0, 16, 16, 0], "rotation": 180, "texture": "#0", "tintindex": 0},
				"south": {"uv": [0, 16, 16, 0], "rotation": 180, "texture": "#0", "tintindex": 0}
			}
		},
		{
			"name": "sides",
			"from": [12.44589, -9.43135, -0.54992],
			"to": [12.44589, 13.65115, 17.60976],
			"shade": false,
			"rotation": {"angle": 45, "axis": "z", "origin": [12.45488, 2.11833, 8.51362]},
			"faces": {
				"east": {"uv": [0, 16, 16, 0], "rotation": 180, "texture": "#0", "tintindex": 0},
				"west": {"uv": [0, 0, 16, 16], "texture": "#0", "tintindex": 0}
			}
		},
		{
			"name": "sides",
			"from": [5.55541, -9.71676, -0.54992],
			"to": [5.55541, 13.36573, 17.60976],
			"shade": false,
			"rotation": {"angle": -45, "axis": "z", "origin": [5.56459, 1.81699, 8.53472]},
			"faces": {
				"east": {"uv": [0, 0, 16, 16], "texture": "#0", "tintindex": 0},
				"west": {"uv": [0, 16, 16, 0], "rotation": 180, "texture": "#0", "tintindex": 0}
			}
		},
		{
			"name": "sides",
			"from": [5.55541, -4.21676, -0.54992],
			"to": [5.55541, 18.86573, 17.60976],
			"shade": false,
			"rotation": {"angle": -45, "axis": "z", "origin": [5.56459, 7.31699, 8.53472]},
			"faces": {
				"east": {"uv": [0, 0, 16, 16], "texture": "#0", "tintindex": 0},
				"west": {"uv": [0, 16, 16, 0], "rotation": 180, "texture": "#0", "tintindex": 0}
			}
		},
		{
			"name": "sides",
			"from": [-0.07984, -4.60476, 5.32362],
			"to": [18.07984, 18.47774, 5.32362],
			"shade": false,
			"rotation": {"angle": 45, "axis": "x", "origin": [8.99893, 6.94086, 5.31507]},
			"faces": {
				"north": {"uv": [0, 16, 16, 0], "rotation": 180, "texture": "#0", "tintindex": 0},
				"south": {"uv": [0, 16, 16, 0], "rotation": 180, "texture": "#0", "tintindex": 0}
			}
		},
		{
			"name": "sides",
			"from": [13.44589, -3.93135, 0.45008],
			"to": [13.44589, 19.15115, 18.60976],
			"shade": false,
			"rotation": {"angle": 45, "axis": "z", "origin": [13.45488, 7.61833, 9.51362]},
			"faces": {
				"east": {"uv": [0, 16, 16, 0], "rotation": 180, "texture": "#0", "tintindex": 0},
				"west": {"uv": [0, 0, 16, 16], "texture": "#0", "tintindex": 0}
			}
		},
		{
			"name": "sides",
			"from": [0.92016, -4.91207, 13.24253],
			"to": [19.07986, 18.17043, 13.24253],
			"shade": false,
			"rotation": {"angle": -45, "axis": "x", "origin": [10.01852, 6.62092, 13.23177]},
			"faces": {
				"north": {"uv": [0, 16, 16, 0], "rotation": 180, "texture": "#0", "tintindex": 0},
				"south": {"uv": [0, 16, 16, 0], "rotation": 180, "texture": "#0", "tintindex": 0}
			}
		},
		{
			"from": [10.8033, 3, 1.6967],
			"to": [10.8033, 19, 19.8564],
			"shade": false,
			"rotation": {"angle": -45, "axis": "y", "origin": [10.8033, 11, 9.6967]},
			"faces": {
				"east": {"uv": [15.91, 0, 0, 11.5], "texture": "#0", "cullface": "up", "tintindex": 0},
				"west": {"uv": [0, 0, 15.91, 11.5], "texture": "#0", "cullface": "up", "tintindex": 0}
			}
		},
		{
			"from": [-2.5, 4, 7.5],
			"to": [15.6597, 20, 7.5],
			"shade": false,
			"rotation": {"angle": -45, "axis": "y", "origin": [5.5, 12, 15]},
			"faces": {
				"north": {"uv": [0, 0, 15.91, 11.5], "texture": "#0", "cullface": "up", "tintindex": 0},
				"south": {"uv": [0, 0, 15.91, 11.5], "texture": "#0", "cullface": "up", "tintindex": 0}
			}
		}
	],
	"display": {
		"thirdperson_righthand": {
			"rotation": [75, 45, 0],
			"translation": [0, 2.5, 0],
			"scale": [0.375, 0.375, 0.375]
		},
		"thirdperson_lefthand": {
			"rotation": [75, 45, 0],
			"translation": [0, 2.5, 0],
			"scale": [0.375, 0.375, 0.375]
		},
		"firstperson_righthand": {
			"rotation": [0, 45, 0],
			"scale": [0.4, 0.4, 0.4]
		},
		"firstperson_lefthand": {
			"rotation": [0, 225, 0],
			"scale": [0.4, 0.4, 0.4]
		},
		"ground": {
			"translation": [0, 3, 0],
			"scale": [0.25, 0.25, 0.25]
		},
		"gui": {
			"rotation": [30, 225, 0],
			"scale": [0.625, 0.625, 0.625]
		},
		"fixed": {
			"scale": [0.5, 0.5, 0.5]
		}
	}
}