{
	"credit": "Made with Blockbench",
	"textures": {
		"0": "block/princesscrown/27",
		"1": "block/princesscrown/183",
		"3": "block/princesscrown/10",
		"particle": "block/princesscrown/27"
	},
	"elements": [
		{
			"from": [7.2, 5.9, 3.675],
			"to": [8.8, 7.3, 4.025],
			"faces": {
				"north": {"uv": [10.25, 11, 12.35, 12.65], "rotation": 180, "texture": "#3"},
				"east": {"uv": [0.5, 8, 1, 9.4], "texture": "#3"},
				"south": {"uv": [10.75, 11.25, 12.35, 12.65], "rotation": 180, "texture": "#3"},
				"west": {"uv": [14, 6.5, 14.5, 7.9], "texture": "#3"},
				"up": {"uv": [13, 12, 14.6, 12.5], "texture": "#3"},
				"down": {"uv": [11.25, 3.25, 12.85, 3.75], "texture": "#3"}
			}
		},
		{
			"from": [7.4, 5.98579, 3.575],
			"to": [8.6, 7.18579, 4.175],
			"rotation": {"angle": 0, "axis": "z", "origin": [8, 6.58579, 3.775]},
			"faces": {
				"north": {"uv": [0.25, 8.25, 1.45, 9.45], "rotation": 270, "texture": "#3"}
			}
		},
		{
			"from": [6.1, 6.1, 3.65],
			"to": [7.9, 7.9, 4.25],
			"rotation": {"angle": 45, "axis": "z", "origin": [8, 8, 8.15]},
			"faces": {
				"north": {"uv": [12.25, 8.5, 14.8, 10.3], "texture": "#3"}
			}
		},
		{
			"from": [5.2, 6.6, 3.8],
			"to": [8.5, 6.9, 3.975],
			"rotation": {"angle": -22.5, "axis": "z", "origin": [8, 8, 8]},
			"faces": {
				"north": {"uv": [12.5, 15, 15.8, 15.3], "texture": "#1"},
				"south": {"uv": [1.5, 2, 4.8, 2.3], "texture": "#1"},
				"west": {"uv": [2.5, 0, 5, 2], "texture": "#1"}
			}
		},
		{
			"from": [7.6, 7.75, 2.825],
			"to": [8.7, 8.05, 3.025],
			"rotation": {"angle": 45, "axis": "y", "origin": [8, 8, 7.9]},
			"faces": {
				"north": {"uv": [3, 2.5, 4.1, 2.8], "texture": "#1"},
				"east": {"uv": [10.5, 9.5, 13, 11.5], "texture": "#1"},
				"south": {"uv": [2.5, 2.5, 3.6, 2.8], "texture": "#1"}
			}
		},
		{
			"from": [7.25, 7.725, 2.875],
			"to": [8.4, 8.025, 2.975],
			"rotation": {"angle": -45, "axis": "y", "origin": [8.05, 8, 7.85]},
			"faces": {
				"north": {"uv": [4, 2.5, 5.15, 2.8], "texture": "#1"},
				"south": {"uv": [1.5, 2, 2.65, 2.3], "texture": "#1"},
				"west": {"uv": [2.5, 0, 5, 2.5], "texture": "#1"}
			}
		},
		{
			"from": [5.2, 6.65, 3.725],
			"to": [8.3, 6.85, 3.8],
			"rotation": {"angle": -22.5, "axis": "z", "origin": [8, 8, 8]},
			"faces": {
				"north": {"uv": [0, 9, 3.1, 9.7], "texture": "#1"},
				"west": {"uv": [1, 1, 2.5, 1.5], "texture": "#1"}
			}
		},
		{
			"from": [7.55, 6.6, 3.8],
			"to": [10.8, 6.9, 3.95],
			"rotation": {"angle": 22.5, "axis": "z", "origin": [8, 8, 8]},
			"faces": {
				"north": {"uv": [12.5, 15, 15.75, 15.3], "rotation": 180, "texture": "#1"},
				"east": {"uv": [0, 0, 0, 0], "texture": "#1"},
				"south": {"uv": [2.5, 2.5, 5.75, 2.8], "texture": "#1"}
			}
		},
		{
			"from": [7.55, 6.65, 3.725],
			"to": [10.8, 6.85, 3.85],
			"rotation": {"angle": 22.5, "axis": "z", "origin": [8, 8, 8]},
			"faces": {
				"north": {"uv": [0, 10, 3.25, 10.7], "rotation": 180, "texture": "#1"},
				"east": {"uv": [2, 5, 4, 7], "texture": "#1"}
			}
		},
		{
			"from": [6.25, 6.4, 3.825],
			"to": [6.55, 7.3, 3.925],
			"faces": {
				"north": {"uv": [9, 3.75, 9.851, 4.65], "texture": "#3"},
				"south": {"uv": [8.5, 7, 9.05, 7.9], "texture": "#3"}
			}
		},
		{
			"from": [7.85, 5, 3.725],
			"to": [8.15, 6.5, 3.825],
			"faces": {
				"north": {"uv": [8.75, 8.25, 9.601, 9.75], "rotation": 180, "texture": "#3"},
				"south": {"uv": [5.25, 12.25, 5.8, 13.75], "texture": "#3"}
			}
		},
		{
			"from": [9.5, 6.4, 3.825],
			"to": [9.8, 7.3, 3.925],
			"rotation": {"angle": 0, "axis": "x", "origin": [9.65, 6.85, 3.875]},
			"faces": {
				"north": {"uv": [5, 7, 5.852, 7.9], "texture": "#3"},
				"south": {"uv": [8.5, 7, 9.05, 7.9], "texture": "#3"}
			}
		},
		{
			"from": [10.8, 7.7, 3.7],
			"to": [11.2, 8.1, 3.95],
			"rotation": {"angle": -22.5, "axis": "y", "origin": [11, 7.75, 3.825]},
			"faces": {
				"north": {"uv": [12.5, 8.5, 14.991, 10.225], "texture": "#3"}
			}
		},
		{
			"from": [4.8, 7.7, 3.7],
			"to": [5.2, 8.1, 3.95],
			"rotation": {"angle": 22.5, "axis": "y", "origin": [5, 7.9, 3.825]},
			"faces": {
				"north": {"uv": [12.25, 8.5, 15.191, 10.191], "rotation": 180, "texture": "#3"}
			}
		},
		{
			"from": [4.65, 8.25, 3.4],
			"to": [4.975, 8.55, 3.7],
			"rotation": {"angle": 22.5, "axis": "z", "origin": [11.95, 15.55, 11.3]},
			"faces": {
				"north": {"uv": [11, 11, 16, 16], "texture": "#0"},
				"east": {"uv": [0, 0, 0.3, 0.3], "texture": "#0"},
				"south": {"uv": [0, 0, 5, 5], "texture": "#0"},
				"west": {"uv": [0, 0, 0.3, 0.3], "texture": "#0"},
				"up": {"uv": [0, 0, 0, 0], "texture": "#0"},
				"down": {"uv": [0, 0, 3, 3], "texture": "#0"}
			}
		},
		{
			"from": [11.65, 5.225, 3.45],
			"to": [11.95, 5.525, 3.75],
			"rotation": {"angle": -22.5, "axis": "z", "origin": [11.95, 15.55, 11.3]},
			"faces": {
				"north": {"uv": [11, 11, 16, 16], "texture": "#0"},
				"east": {"uv": [0, 0, 0.3, 0.3], "texture": "#0"},
				"south": {"uv": [0, 0, 5, 5], "texture": "#0"},
				"west": {"uv": [0, 0, 0.3, 0.3], "texture": "#0"},
				"up": {"uv": [0, 0, 0, 0], "texture": "#0"},
				"down": {"uv": [0, 0, 3, 3], "texture": "#0"}
			}
		},
		{
			"from": [15.325, 5.9, 3.4],
			"to": [15.625, 6.2, 3.7],
			"rotation": {"angle": -45, "axis": "z", "origin": [11.95, 15.55, 11.3]},
			"faces": {
				"north": {"uv": [11, 6, 16, 10.5], "texture": "#0"},
				"east": {"uv": [0, 0, 0.3, 0.3], "texture": "#0"},
				"south": {"uv": [0, 0, 5, 5], "texture": "#0"},
				"west": {"uv": [0, 0, 0.3, 0.3], "texture": "#0"},
				"up": {"uv": [0, 0, 0, 0], "texture": "#0"},
				"down": {"uv": [0, 0, 3, 3], "texture": "#0"}
			}
		},
		{
			"from": [7.48953, 6.33796, 3.45],
			"to": [7.81453, 6.58796, 3.75],
			"rotation": {"angle": 0, "axis": "z", "origin": [8.15, 8.55, 7.3]},
			"faces": {
				"north": {"uv": [11, 8, 16, 13], "texture": "#0"},
				"east": {"uv": [0, 0, 0, 0], "texture": "#0"},
				"south": {"uv": [0, 0, 5, 5], "texture": "#0"},
				"west": {"uv": [0, 0, 3, 3], "texture": "#0"},
				"up": {"uv": [0, 0, 0.325, 0.3], "texture": "#0"},
				"down": {"uv": [0, 0, 0.325, 0.3], "texture": "#0"}
			}
		},
		{
			"from": [7.41453, 6.58796, 3.45],
			"to": [7.71453, 6.83796, 3.75],
			"rotation": {"angle": 22.5, "axis": "z", "origin": [8.15, 8.55, 7.3]},
			"faces": {
				"north": {"uv": [0, 0, 5, 5], "texture": "#0"},
				"east": {"uv": [0, 0, 3, 3], "texture": "#0"},
				"south": {"uv": [0, 0, 5, 5], "texture": "#0"},
				"west": {"uv": [0, 0, 0, 0], "texture": "#0"},
				"up": {"uv": [0, 0, 0.3, 0.3], "texture": "#0"},
				"down": {"uv": [0, 0, 0.3, 0.3], "texture": "#0"}
			}
		},
		{
			"from": [8.31453, 6.48796, 3.4],
			"to": [8.61453, 6.73796, 3.7],
			"rotation": {"angle": -22.5, "axis": "z", "origin": [8.15, 8.55, 7.3]},
			"faces": {
				"north": {"uv": [11, 7, 16, 12], "texture": "#0"},
				"east": {"uv": [0, 0, 0, 0], "texture": "#0"},
				"south": {"uv": [0, 0, 5, 5], "texture": "#0"},
				"west": {"uv": [0, 0, 3, 3], "texture": "#0"},
				"up": {"uv": [0, 0, 0.3, 0.3], "texture": "#0"},
				"down": {"uv": [0, 0, 0.3, 0.3], "texture": "#0"}
			}
		},
		{
			"from": [7.18796, 6.91047, 3.4],
			"to": [7.43796, 7.21047, 3.7],
			"rotation": {"angle": 22.5, "axis": "z", "origin": [8.15, 8.55, 7.3]},
			"faces": {
				"north": {"uv": [11, 0, 16, 5], "texture": "#0"},
				"east": {"uv": [0, 0, 0.3, 0.3], "texture": "#0"},
				"south": {"uv": [0, 0, 5, 5], "texture": "#0"},
				"west": {"uv": [0, 0, 0.3, 0.3], "texture": "#0"},
				"up": {"uv": [0, 0, 3, 3], "texture": "#0"},
				"down": {"uv": [0, 0, 0, 0], "texture": "#0"}
			}
		},
		{
			"from": [7.66204, 6.28953, 3.375],
			"to": [8.31204, 6.78953, 3.775],
			"rotation": {"angle": 0, "axis": "z", "origin": [8.15, 8.55, 7.3]},
			"faces": {
				"north": {"uv": [3, 1.5, 14.5, 10.5], "texture": "#0"},
				"east": {"uv": [8, 0, 16, 16], "texture": "#0"},
				"south": {"uv": [0, 0, 16, 16], "texture": "#0"},
				"west": {"uv": [0, 0, 8, 16], "texture": "#0"},
				"up": {"uv": [0, 0, 16, 8], "texture": "#0"},
				"down": {"uv": [0, 0, 16, 8], "texture": "#0"}
			}
		},
		{
			"from": [8.58796, 6.81047, 3.45],
			"to": [8.83796, 7.11047, 3.75],
			"rotation": {"angle": -22.5, "axis": "z", "origin": [8.15, 8.55, 7.3]},
			"faces": {
				"north": {"uv": [0, 0, 5, 5], "texture": "#0"},
				"east": {"uv": [0, 0, 0.3, 0.3], "texture": "#0"},
				"south": {"uv": [0, 0, 5, 5], "texture": "#0"},
				"west": {"uv": [0, 0, 0.3, 0.3], "texture": "#0"},
				"up": {"uv": [0, 0, 3, 3], "texture": "#0"},
				"down": {"uv": [0, 0, 0, 0], "texture": "#0"}
			}
		},
		{
			"from": [9.01453, 6.91296, 3.45],
			"to": [9.31453, 7.16296, 3.75],
			"rotation": {"angle": -45, "axis": "z", "origin": [8.15, 8.55, 7.3]},
			"faces": {
				"north": {"uv": [11, 7.5, 16, 12.5], "texture": "#0"},
				"east": {"uv": [0, 0, 0, 0], "texture": "#0"},
				"south": {"uv": [0, 0, 5, 5], "texture": "#0"},
				"west": {"uv": [0, 0, 3, 3], "texture": "#0"},
				"up": {"uv": [0, 0, 0.3, 0.3], "texture": "#0"},
				"down": {"uv": [0, 0, 0.3, 0.3], "texture": "#0"}
			}
		},
		{
			"from": [8.18953, 6.33796, 3.4],
			"to": [8.48953, 6.58796, 3.7],
			"rotation": {"angle": 0, "axis": "z", "origin": [8.15, 8.55, 7.3]},
			"faces": {
				"north": {"uv": [0, 0, 5, 5], "texture": "#0"},
				"east": {"uv": [0, 0, 3, 3], "texture": "#0"},
				"south": {"uv": [0, 0, 5, 5], "texture": "#0"},
				"west": {"uv": [0, 0, 0, 0], "texture": "#0"},
				"up": {"uv": [0, 0, 0.3, 0.3], "texture": "#0"},
				"down": {"uv": [0, 0, 0.3, 0.3], "texture": "#0"}
			}
		},
		{
			"from": [2.7, 11.475, 3.45],
			"to": [3, 11.8, 3.75],
			"rotation": {"angle": 45, "axis": "z", "origin": [11.95, 15.55, 11.3]},
			"faces": {
				"north": {"uv": [11, 11, 16, 16], "texture": "#0"},
				"east": {"uv": [0, 0, 0.3, 0.325], "texture": "#0"},
				"south": {"uv": [0, 0, 5, 5], "texture": "#0"},
				"west": {"uv": [0, 0, 0.3, 0.325], "texture": "#0"},
				"up": {"uv": [0, 0, 0, 0], "texture": "#0"},
				"down": {"uv": [0, 0, 3, 3], "texture": "#0"}
			}
		},
		{
			"from": [9.33704, 7.18953, 3.4],
			"to": [9.58704, 7.48953, 3.7],
			"rotation": {"angle": -45, "axis": "z", "origin": [8.15, 8.55, 7.3]},
			"faces": {
				"north": {"uv": [0, 0, 5, 5], "texture": "#0"},
				"east": {"uv": [0, 0, 0.3, 0.3], "texture": "#0"},
				"south": {"uv": [0, 0, 5, 5], "texture": "#0"},
				"west": {"uv": [0, 0, 0.3, 0.3], "texture": "#0"},
				"up": {"uv": [0, 0, 3, 3], "texture": "#0"},
				"down": {"uv": [0, 0, 0, 0], "texture": "#0"}
			}
		}
	],
	"display": {
		"thirdperson_righthand": {
			"translation": [0, 0, 3.75]
		},
		"thirdperson_lefthand": {
			"translation": [0, 0, 4.25]
		},
		"firstperson_righthand": {
			"translation": [0, 0, 2.5]
		},
		"firstperson_lefthand": {
			"translation": [0, 0, 3.5]
		},
		"ground": {
			"translation": [0, 0.75, 0],
			"scale": [1.5, 1.5, 1.5]
		},
		"gui": {
			"rotation": [0, -180, 0],
			"translation": [0, 0, 0.5],
			"scale": [2.5, 2.5, 2.5]
		},
		"head": {
			"rotation": [7, 0, 0],
			"translation": [0, 5.5, 1.25],
			"scale": [1.7, 2, 2]
		},
		"fixed": {
			"translation": [0, 0, 8.75],
			"scale": [2.5, 2.5, 2.5]
		}
	},
	"groups": [
		{
			"name": "group",
			"origin": [8, 8, 8],
			"children": [0, 1, 2]
		},
		{
			"name": "group",
			"origin": [8, 8, 8],
			"children": [3, 4, 5, 6, 7, 8, 9, 10, 11, 12, 13]
		},
		{
			"name": "group",
			"origin": [8.15, 8.55, 7.3],
			"children": [14, 15, 16, 17, 18, 19, 20, 21, 22, 23, 24, 25, 26]
		}
	]
}