{
	"credit": "Made with Blockbench",
	"textures": {
		"0": "block/stone_button/1",
		"particle": "block/stone_button/1"
	},
	"elements": [
		{
			"from": [5.5, 0.67931, -2.21297],
			"to": [9.5, 2.67931, 4.78703],
			"rotation": {"angle": -22.5, "axis": "x", "origin": [6, 8, 8]},
			"faces": {
				"north": {"uv": [0, 0, 4, 2], "texture": "#0"},
				"east": {"uv": [0, 0, 7, 2], "texture": "#0"},
				"south": {"uv": [4, 13, 8, 15], "texture": "#0"},
				"west": {"uv": [0, 0, 7, 2], "texture": "#0"},
				"up": {"uv": [0, 0, 4, 7], "texture": "#0"},
				"down": {"uv": [0, 0, 4, 7], "texture": "#0"}
			}
		},
		{
			"from": [6.7039, -0.46874, 8.73744],
			"to": [13.9539, 0.53126, 12.23744],
			"rotation": {"angle": 45, "axis": "y", "origin": [6, 8, 8]},
			"faces": {
				"north": {"uv": [0, 0, 7.25, 1], "texture": "#0"},
				"east": {"uv": [0, 0, 3.5, 1], "texture": "#0"},
				"south": {"uv": [0, 0, 7.25, 1], "texture": "#0"},
				"west": {"uv": [0, 0, 3.5, 1], "texture": "#0"},
				"up": {"uv": [0, 0, 3.5, 7.25], "rotation": 90, "texture": "#0"},
				"down": {"uv": [0, 0, 3.5, 7.25], "rotation": 270, "texture": "#0"}
			}
		},
		{
			"from": [0.73103, 0.45514, 7.04704],
			"to": [4.23103, 1.45514, 12.54704],
			"rotation": {"angle": 22.5, "axis": "z", "origin": [6, 8, 8]},
			"faces": {
				"north": {"uv": [0, 0, 3.5, 1], "texture": "#0"},
				"east": {"uv": [0, 0, 5.5, 1], "texture": "#0"},
				"south": {"uv": [12.5, 2, 16, 3], "texture": "#0"},
				"west": {"uv": [0, 0, 5.5, 1], "texture": "#0"},
				"up": {"uv": [0, 0, 3.5, 5.5], "rotation": 180, "texture": "#0"},
				"down": {"uv": [0, 0, 3.5, 5.5], "rotation": 180, "texture": "#0"}
			}
		}
	]
}