{
	"credit": "Made with Blockbench",
	"textures": {
		"0": "block/stone_button/1",
		"particle": "block/stone_button/1"
	},
	"elements": [
		{
			"from": [-3.65865, 0.4497, 9.1],
			"to": [3.34135, 2.4497, 13.1],
			"rotation": {"angle": 22.5, "axis": "z", "origin": [6, 8, 8]},
			"faces": {
				"north": {"uv": [0, 0, 7, 2], "texture": "#0"},
				"east": {"uv": [4, 13, 8, 15], "texture": "#0"},
				"south": {"uv": [0, 0, 7, 2], "texture": "#0"},
				"west": {"uv": [0, 0, 4, 2], "texture": "#0"},
				"up": {"uv": [0, 0, 4, 7], "rotation": 270, "texture": "#0"},
				"down": {"uv": [0, 0, 4, 7], "rotation": 90, "texture": "#0"}
			}
		},
		{
			"from": [4.37045, -0.46874, 6.40398],
			"to": [11.62045, 0.53126, 9.90398],
			"rotation": {"angle": 45, "axis": "y", "origin": [6, 8, 8]},
			"faces": {
				"north": {"uv": [0, 0, 7.25, 1], "texture": "#0"},
				"east": {"uv": [0, 0, 3.5, 1], "texture": "#0"},
				"south": {"uv": [0, 0, 7.25, 1], "texture": "#0"},
				"west": {"uv": [0, 0, 3.5, 1], "texture": "#0"},
				"up": {"uv": [0, 0, 3.5, 7.25], "rotation": 90, "texture": "#0"},
				"down": {"uv": [0, 0, 3.5, 7.25], "rotation": 270, "texture": "#0"}
			}
		},
		{
			"from": [13.01492, 2.80354, 2.54704],
			"to": [16.51492, 3.80354, 8.04704],
			"rotation": {"angle": -22.5, "axis": "z", "origin": [6, 8, 8]},
			"faces": {
				"north": {"uv": [0, 0, 3.5, 1], "texture": "#0"},
				"east": {"uv": [0, 0, 5.5, 1], "texture": "#0"},
				"south": {"uv": [12.5, 2, 16, 3], "texture": "#0"},
				"west": {"uv": [0, 0, 5.5, 1], "texture": "#0"},
				"up": {"uv": [0, 0, 3.5, 5.5], "rotation": 180, "texture": "#0"},
				"down": {"uv": [0, 0, 3.5, 5.5], "rotation": 180, "texture": "#0"}
			}
		},
		{
			"from": [-0.93316, 1.1442, 2.3],
			"to": [5.06684, 2.1442, 5.3],
			"rotation": {"angle": 22.5, "axis": "z", "origin": [8, 8, 8]},
			"faces": {
				"north": {"uv": [0, 0, 6, 1], "texture": "#0"},
				"east": {"uv": [0, 0, 3, 1], "texture": "#0"},
				"south": {"uv": [0, 0, 6, 1], "texture": "#0"},
				"west": {"uv": [0, 0, 3, 1], "texture": "#0"},
				"up": {"uv": [0, 0, 6, 3], "texture": "#0"},
				"down": {"uv": [0, 0, 6, 3], "texture": "#0"}
			}
		}
	]
}