{
	"credit": "Made with Blockbench",
	"textures": {
		"0": "block/stone_button/1",
		"particle": "block/stone_button/1"
	},
	"elements": [
		{
			"from": [4.67782, 0, 8.75772],
			"to": [11.97782, 1.1, 14.35772],
			"rotation": {"angle": -45, "axis": "y", "origin": [8, 8, 8]},
			"faces": {
				"north": {"uv": [0, 0, 7.3, 1.1], "texture": "#0"},
				"east": {"uv": [0, 0, 5.6, 1.1], "texture": "#0"},
				"south": {"uv": [0, 0, 7.3, 1.1], "texture": "#0"},
				"west": {"uv": [0, 0, 5.6, 1.1], "texture": "#0"},
				"up": {"uv": [0, 0, 7.3, 5.6], "texture": "#0"},
				"down": {"uv": [0, 0, 7.3, 5.6], "texture": "#0"}
			}
		},
		{
			"from": [2.30672, 0, -0.94268],
			"to": [6.93172, 0.5, 2.33232],
			"rotation": {"angle": 22.5, "axis": "y", "origin": [8, 8, 8]},
			"faces": {
				"north": {"uv": [0, 0, 4.625, 0.5], "texture": "#0"},
				"east": {"uv": [0, 0, 3.275, 0.5], "texture": "#0"},
				"south": {"uv": [0, 0, 4.625, 0.5], "texture": "#0"},
				"west": {"uv": [0, 0, 3.275, 0.5], "texture": "#0"},
				"up": {"uv": [0, 0, 4.625, 3.275], "texture": "#0"},
				"down": {"uv": [0, 0, 4.625, 3.275], "texture": "#0"}
			}
		},
		{
			"from": [4.65, 1.50468, 0.03488],
			"to": [8, 3.00468, 5.63488],
			"rotation": {"angle": -22.5, "axis": "x", "origin": [8, 8, 8]},
			"faces": {
				"north": {"uv": [0, 0, 3.35, 1.5], "texture": "#0"},
				"east": {"uv": [0, 0, 5.6, 1.5], "texture": "#0"},
				"south": {"uv": [0, 0, 3.35, 1.5], "texture": "#0"},
				"west": {"uv": [0, 0, 5.6, 1.5], "texture": "#0"},
				"up": {"uv": [0, 0, 3.35, 5.6], "texture": "#0"},
				"down": {"uv": [0, 0, 3.35, 5.6], "texture": "#0"}
			}
		},
		{
			"from": [4.46801, -0.65378, 5.53986],
			"to": [9.96801, 0.04622, 9.03986],
			"rotation": {"angle": 22.5, "axis": "z", "origin": [8, 8, 8]},
			"faces": {
				"north": {"uv": [0, 0, 5.5, 0.7], "texture": "#0"},
				"east": {"uv": [0, 0, 3.5, 0.7], "texture": "#0"},
				"south": {"uv": [0, 0, 5.5, 0.7], "texture": "#0"},
				"west": {"uv": [0, 0, 3.5, 0.7], "texture": "#0"},
				"up": {"uv": [0, 0, 5.5, 3.5], "texture": "#0"},
				"down": {"uv": [0, 0, 5.5, 3.5], "texture": "#0"}
			}
		},
		{
			"from": [11.04349, 0, 2.23734],
			"to": [13.49349, 0.675, 7.46234],
			"rotation": {"angle": -45, "axis": "y", "origin": [8, 8, 8]},
			"faces": {
				"north": {"uv": [0, 0, 2.45, 0.675], "texture": "#0"},
				"east": {"uv": [0, 0, 5.225, 0.675], "texture": "#0"},
				"south": {"uv": [0, 0, 2.45, 0.675], "texture": "#0"},
				"west": {"uv": [0, 0, 5.225, 0.675], "texture": "#0"},
				"up": {"uv": [0, 0, 5.225, 2.45], "rotation": 270, "texture": "#0"},
				"down": {"uv": [0, 0, 5.225, 2.45], "rotation": 90, "texture": "#0"}
			}
		},
		{
			"from": [2.56798, 1.1, 5.94248],
			"to": [3.69298, 1.525, 8.39248],
			"rotation": {"angle": 22.5, "axis": "y", "origin": [11.45965, 0.2125, 6.39621]},
			"faces": {
				"north": {"uv": [0, 0, 1.125, 0.425], "texture": "#0"},
				"east": {"uv": [0, 0, 2.45, 0.425], "texture": "#0"},
				"south": {"uv": [0, 0, 1.125, 0.425], "texture": "#0"},
				"west": {"uv": [0, 0, 2.45, 0.425], "texture": "#0"},
				"up": {"uv": [0, 0, 1.125, 2.45], "texture": "#0"},
				"down": {"uv": [0, 0, 1.125, 2.45], "texture": "#0"}
			}
		},
		{
			"from": [5.29507, -0.10208, 10.47121],
			"to": [6.42007, 0.42292, 12.12121],
			"rotation": {"angle": -45, "axis": "z", "origin": [7.05965, 1.3125, 11.29621]},
			"faces": {
				"north": {"uv": [0, 0, 1.125, 0.525], "texture": "#0"},
				"east": {"uv": [0, 0, 1.65, 0.525], "texture": "#0"},
				"south": {"uv": [0, 0, 1.125, 0.525], "texture": "#0"},
				"west": {"uv": [0, 0, 1.65, 0.525], "texture": "#0"},
				"up": {"uv": [0, 0, 1.125, 1.65], "texture": "#0"},
				"down": {"uv": [0, 0, 1.125, 1.65], "texture": "#0"}
			}
		},
		{
			"from": [1.00883, 0.43591, 1.89525],
			"to": [2.65883, 0.96091, 3.02025],
			"rotation": {"angle": -45, "axis": "y", "origin": [1.83383, 0.69841, 2.45775]},
			"faces": {
				"north": {"uv": [0, 0, 1.65, 0.525], "texture": "#0"},
				"east": {"uv": [0, 0, 1.125, 0.525], "texture": "#0"},
				"south": {"uv": [0, 0, 1.65, 0.525], "texture": "#0"},
				"west": {"uv": [0, 0, 1.125, 0.525], "texture": "#0"},
				"up": {"uv": [0, 0, 1.125, 1.65], "rotation": 90, "texture": "#0"},
				"down": {"uv": [0, 0, 1.125, 1.65], "rotation": 270, "texture": "#0"}
			}
		}
	]
}