{
	"credit": "Made with Blockbench",
	"textures": {
		"0": "block/stone_button/1",
		"particle": "block/stone_button/1"
	},
	"elements": [
		{
			"from": [2.15268, -0.2503, 1.45797],
			"to": [6.15268, 1.7497, 8.45797],
			"rotation": {"angle": 22.5, "axis": "y", "origin": [6, 8, 8]},
			"faces": {
				"north": {"uv": [0, 0, 4, 2], "texture": "#0"},
				"east": {"uv": [0, 0, 7, 2], "texture": "#0"},
				"south": {"uv": [4, 13, 8, 15], "texture": "#0"},
				"west": {"uv": [0, 0, 7, 2], "texture": "#0"},
				"up": {"uv": [0, 0, 4, 7], "texture": "#0"},
				"down": {"uv": [0, 0, 4, 7], "texture": "#0"}
			}
		},
		{
			"from": [4.65329, -0.04374, 9.30312],
			"to": [11.90329, 1.35626, 12.80312],
			"rotation": {"angle": 45, "axis": "y", "origin": [6, 8, 8]},
			"faces": {
				"north": {"uv": [0, 0, 7.25, 1.4], "texture": "#0"},
				"east": {"uv": [0, 0, 3.5, 1.4], "texture": "#0"},
				"south": {"uv": [0, 0, 7.25, 1.4], "texture": "#0"},
				"west": {"uv": [0, 0, 3.5, 1.4], "texture": "#0"},
				"up": {"uv": [0, 0, 3.5, 7.25], "rotation": 90, "texture": "#0"},
				"down": {"uv": [0, 0, 3.5, 7.25], "rotation": 270, "texture": "#0"}
			}
		},
		{
			"from": [10.11492, 2.15682, 9.76492],
			"to": [13.61492, 3.15682, 15.26492],
			"rotation": {"angle": 22.5, "axis": "x", "origin": [6, 8, 8]},
			"faces": {
				"north": {"uv": [0, 0, 3.5, 1], "texture": "#0"},
				"east": {"uv": [0, 0, 5.5, 1], "texture": "#0"},
				"south": {"uv": [12.5, 2, 16, 3], "texture": "#0"},
				"west": {"uv": [0, 0, 5.5, 1], "texture": "#0"},
				"up": {"uv": [0, 0, 3.5, 5.5], "rotation": 180, "texture": "#0"},
				"down": {"uv": [0, 0, 3.5, 5.5], "rotation": 180, "texture": "#0"}
			}
		},
		{
			"from": [6.96684, 2.25399, -0.37925],
			"to": [12.96684, 3.75399, 2.62075],
			"rotation": {"angle": -22.5, "axis": "x", "origin": [8, 8, 8]},
			"faces": {
				"north": {"uv": [0, 0, 6, 1.5], "texture": "#0"},
				"east": {"uv": [0, 0, 3, 1.5], "texture": "#0"},
				"south": {"uv": [0, 0, 6, 1.5], "texture": "#0"},
				"west": {"uv": [0, 0, 3, 1.5], "texture": "#0"},
				"up": {"uv": [0, 0, 6, 3], "texture": "#0"},
				"down": {"uv": [0, 0, 6, 3], "texture": "#0"}
			}
		}
	]
}